smiles1,smiles2,score,uncertainty
CCC,CCCC,0.6,0.48989794855663565
CC,CCCC,0.4000000000000001,0.48989794855663577
